<?xml version="1.0" encoding="UTF-8"?>
<beans xmlns="http://www.springframework.org/schema/beans"
       xmlns:xsi="http://www.w3.org/2001/XMLSchema-instance" xmlns:aop="http://www.springframework.org/schema/aop"
       xmlns:context="http://www.springframework.org/schema/context" xmlns:tx="http://www.springframework.org/schema/tx"
       xmlns:util="http://www.springframework.org/schema/util" xmlns:p="http://www.springframework.org/schema/p"
       xsi:schemaLocation="http://www.springframework.org/schema/beans
  http://www.springframework.org/schema/beans/spring-beans.xsd
  http://www.springframework.org/schema/aop
  http://www.springframework.org/schema/aop/spring-aop-4.0.xsd
  http://www.springframework.org/schema/tx
  http://www.springframework.org/schema/tx/spring-tx-4.0.xsd
  http://www.springframework.org/schema/context
  http://www.springframework.org/schema/context/spring-context-4.0.xsd
  http://www.springframework.org/schema/util
  http://www.springframework.org/schema/util/spring-util-4.0.xsd
  ">
    <context:property-placeholder
            ignore-resource-not-found="true" location="classpath*:application.properties" />



    <!-- redis缓存数据库的相关配置 -->
    <bean id="poolConfig" class="redis.clients.jedis.JedisPoolConfig">
        <property name="maxIdle" value="${redis.maxIdle}" />
        <property name="maxActive" value="${redis.maxActive}" />
        <property name="maxWait" value="${redis.maxWait}" />
        <property name="testOnBorrow" value="${redis.testOnBorrow}" />
    </bean>

    <bean id="connectionFactory"
          class="org.springframework.data.redis.connection.jedis.JedisConnectionFactory"
          p:host-name="${redis.host}" p:port="${redis.port}" p:password="${redis.pass}"
          p:pool-config-ref="poolConfig" />

    <bean id="redisTemplate" class="org.springframework.data.redis.core.StringRedisTemplate">
        <property name="connectionFactory" ref="connectionFactory" />
    </bean>

</beans>